[
  {
    "code": "VI",
    "postal_code": "01",
    "name": "Álava",
    "phone_code": 945,
    "iso2": "ES"
  },
  {
    "code": "AB",
    "postal_code": "02",
    "name": "Albacete",
    "phone_code": 967,
    "iso2": "ES"
  },
  {
    "code": "A",
    "postal_code": "03",
    "name": "Alacant",
    "phone_code": 950,
    "iso2": "ES"
  },
  {
    "code": "AL",
    "postal_code": "04",
    "name": "Almería",
    "phone_code": 920,
    "iso2": "ES"
  },
  {
    "code": "AV",
    "postal_code": "05",
    "name": "Ávila",
    "phone_code": 924,
    "iso2": "ES"
  },
  {
    "code": "BA",
    "postal_code": "06",
    "name": "Badajoz",
    "phone_code": 924,
    "iso2": "ES"
  },
  {
    "code": "PM",
    "postal_code": "07",
    "name": "Illes Balears",
    "phone_code": 971,
    "iso2": "ES"
  },
  {
    "code": "B",
    "postal_code": "08",
    "name": "Barcelona",
    "phone_code": 93,
    "iso2": "ES"
  },
  {
    "code": "BU",
    "postal_code": "09",
    "name": "Burgos",
    "phone_code": 947,
    "iso2": "ES"
  },
  {
    "code": "CC",
    "postal_code": 10,
    "name": "Cáceres",
    "phone_code": 927,
    "iso2": "ES"
  },
  {
    "code": "CA",
    "postal_code": 11,
    "name": "Cádiz",
    "phone_code": 956,
    "iso2": "ES"
  },
  {
    "code": "CS",
    "postal_code": 12,
    "name": "Castelló",
    "phone_code": 964,
    "iso2": "ES"
  },
  {
    "code": "CR",
    "postal_code": 13,
    "name": "Ciudad Real",
    "phone_code": 926,
    "iso2": "ES"
  },
  {
    "code": "CO",
    "postal_code": 14,
    "name": "Córdoba",
    "phone_code": 957,
    "iso2": "ES"
  },
  {
    "code": "C",
    "postal_code": 15,
    "name": "A Coruña",
    "phone_code": 981,
    "iso2": "ES"
  },
  {
    "code": "CU",
    "postal_code": 16,
    "name": "Cuenca",
    "phone_code": 969,
    "iso2": "ES"
  },
  {
    "code": "GI",
    "postal_code": 17,
    "name": "Girona",
    "phone_code": 972,
    "iso2": "ES"
  },
  {
    "code": "GR",
    "postal_code": 18,
    "name": "Granada",
    "phone_code": 958,
    "iso2": "ES"
  },
  {
    "code": "GU",
    "postal_code": 19,
    "name": "Guadalajara",
    "phone_code": 949,
    "iso2": "ES"
  },
  {
    "code": "SS",
    "postal_code": 20,
    "name": "Gipuzkoa",
    "phone_code": 943,
    "iso2": "ES"
  },
  {
    "code": "H",
    "postal_code": 21,
    "name": "Huelva",
    "phone_code": 959,
    "iso2": "ES"
  },
  {
    "code": "HU",
    "postal_code": 22,
    "name": "Huesca",
    "phone_code": 974,
    "iso2": "ES"
  },
  {
    "code": "J",
    "postal_code": 23,
    "name": "Jaén",
    "phone_code": 953,
    "iso2": "ES"
  },
  {
    "code": "LE",
    "postal_code": 24,
    "name": "León",
    "phone_code": 987,
    "iso2": "ES"
  },
  {
    "code": "L",
    "postal_code": 25,
    "name": "Lleida",
    "phone_code": 973,
    "iso2": "ES"
  },
  {
    "code": "LO",
    "postal_code": 26,
    "name": "La Rioja",
    "phone_code": 941,
    "iso2": "ES"
  },
  {
    "code": "LU",
    "postal_code": 27,
    "name": "Lugo",
    "phone_code": 982,
    "iso2": "ES"
  },
  {
    "code": "M",
    "postal_code": 28,
    "name": "Madrid",
    "phone_code": 91,
    "iso2": "ES"
  },
  {
    "code": "MA",
    "postal_code": 29,
    "name": "Málaga",
    "phone_code": 95,
    "iso2": "ES"
  },
  {
    "code": "MU",
    "postal_code": 30,
    "name": "Murcia",
    "phone_code": 968,
    "iso2": "ES"
  },
  {
    "code": "NA",
    "postal_code": 31,
    "name": "Nafarroa",
    "phone_code": 948,
    "iso2": "ES"
  },
  {
    "code": "OR",
    "postal_code": 32,
    "name": "Ourense",
    "phone_code": 988,
    "iso2": "ES"
  },
  {
    "code": "O",
    "postal_code": 33,
    "name": "Asturias",
    "phone_code": 98,
    "iso2": "ES"
  },
  {
    "code": "P",
    "postal_code": 34,
    "name": "Palencia",
    "phone_code": 979,
    "iso2": "ES"
  },
  {
    "code": "GC",
    "postal_code": 35,
    "name": "Las Palmas",
    "phone_code": 928,
    "iso2": "ES"
  },
  {
    "code": "PO",
    "postal_code": 36,
    "name": "Pontevedra",
    "phone_code": 986,
    "iso2": "ES"
  },
  {
    "code": "SA",
    "postal_code": 37,
    "name": "Salamanca",
    "phone_code": 923,
    "iso2": "ES"
  },
  {
    "code": "TF",
    "postal_code": 38,
    "name": "Sta. Cruz de Tenerife",
    "phone_code": 922,
    "iso2": "ES"
  },
  {
    "code": "S",
    "postal_code": 39,
    "name": "Cantabria",
    "phone_code": 942,
    "iso2": "ES"
  },
  {
    "code": "SG",
    "postal_code": 40,
    "name": "Segovia",
    "phone_code": 921,
    "iso2": "ES"
  },
  {
    "code": "SE",
    "postal_code": 41,
    "name": "Sevilla",
    "phone_code": 95,
    "iso2": "ES"
  },
  {
    "code": "SO",
    "postal_code": 42,
    "name": "Soria",
    "phone_code": 975,
    "iso2": "ES"
  },
  {
    "code": "T",
    "postal_code": 43,
    "name": "Tarragona",
    "phone_code": 977,
    "iso2": "ES"
  },
  {
    "code": "TE",
    "postal_code": 44,
    "name": "Teruel",
    "phone_code": 978,
    "iso2": "ES"
  },
  {
    "code": "TO",
    "postal_code": 45,
    "name": "Toledo",
    "phone_code": 925,
    "iso2": "ES"
  },
  {
    "code": "V",
    "postal_code": 46,
    "name": "Valéncia",
    "phone_code": 96,
    "iso2": "ES"
  },
  {
    "code": "VA",
    "postal_code": 47,
    "name": "Valladolid",
    "phone_code": 983,
    "iso2": "ES"
  },
  {
    "code": "BI",
    "postal_code": 48,
    "name": "Bizkaia",
    "phone_code": 94,
    "iso2": "ES"
  },
  {
    "code": "ZA",
    "postal_code": 49,
    "name": "Zamora",
    "phone_code": 980,
    "iso2": "ES"
  },
  {
    "code": "Z",
    "postal_code": 50,
    "name": "Zaragoza",
    "phone_code": 976,
    "iso2": "ES"
  },
  {
    "code": "CE",
    "postal_code": 51,
    "name": "Ceuta",
    "phone_code": 956,
    "iso2": "ES"
  },
  {
    "code": "ML",
    "postal_code": 52,
    "name": "Melilla",
    "phone_code": 95,
    "iso2": "ES"
  }
]